"{'grasp_succesful': 2, 'n_simulation_obj': 34, 'Name': 'glassblackdoor', 'Percentage': 5.88235294117647}"
"{'grasp_succesful': 3, 'n_simulation_obj': 54, 'Name': 'yellowtrain', 'Percentage': 5.555555555555555}"
"{'grasp_succesful': 4, 'n_simulation_obj': 13, 'Name': 'redstair', 'Percentage': 30.76923076923077}"
"{'grasp_succesful': 2, 'n_simulation_obj': 61, 'Name': 'longwhitebridge', 'Percentage': 3.278688524590164}"
"{'grasp_succesful': 8, 'n_simulation_obj': 134, 'Name': 'captainhat', 'Percentage': 5.970149253731343}"
"{'grasp_succesful': 21, 'n_simulation_obj': 56, 'Name': 'flipoveryellowskate', 'Percentage': 37.5}"
"{'grasp_succesful': 1, 'n_simulation_obj': 23, 'Name': 'notstraightlineoldcarriage', 'Percentage': 4.3478260869565215}"
"{'grasp_succesful': 0, 'n_simulation_obj': 71, 'Name': 'standingformula1', 'Percentage': 0.0}"
"{'grasp_succesful': 5, 'n_simulation_obj': 22, 'Name': 'lyingstaircase', 'Percentage': 22.727272727272727}"
"{'grasp_succesful': 49, 'n_simulation_obj': 79, 'Name': 'moto', 'Percentage': 62.0253164556962}"
"{'grasp_succesful': 3, 'n_simulation_obj': 98, 'Name': 'graystair', 'Percentage': 3.061224489795918}"
"{'grasp_succesful': 1, 'n_simulation_obj': 68, 'Name': 'bluetank', 'Percentage': 1.4705882352941175}"
"{'grasp_succesful': 4, 'n_simulation_obj': 31, 'Name': 'snowmanparty', 'Percentage': 12.903225806451612}"
"{'grasp_succesful': 24, 'n_simulation_obj': 73, 'Name': 'yellowformula1', 'Percentage': 32.87671232876712}"
"{'grasp_succesful': 22, 'n_simulation_obj': 44, 'Name': 'miniflagcar', 'Percentage': 50.0}"
"{'grasp_succesful': 15, 'n_simulation_obj': 40, 'Name': 'redlocomotive', 'Percentage': 37.5}"
"{'grasp_succesful': 20, 'n_simulation_obj': 42, 'Name': 'flipoveropencar', 'Percentage': 47.61904761904761}"
"{'grasp_succesful': 26, 'n_simulation_obj': 110, 'Name': 'greenskate', 'Percentage': 23.636363636363637}"
"{'grasp_succesful': 11, 'n_simulation_obj': 85, 'Name': 'bluemovingballs', 'Percentage': 12.941176470588237}"
"{'grasp_succesful': 12, 'n_simulation_obj': 56, 'Name': 'whiteonewingsboat', 'Percentage': 21.428571428571427}"
"{'grasp_succesful': 0, 'n_simulation_obj': 43, 'Name': 'cashmachinewhite', 'Percentage': 0.0}"
"{'grasp_succesful': 36, 'n_simulation_obj': 144, 'Name': 'longredcontainership', 'Percentage': 25.0}"
"{'grasp_succesful': 0, 'n_simulation_obj': 53, 'Name': 'backtruck', 'Percentage': 0.0}"
"{'grasp_succesful': 4, 'n_simulation_obj': 53, 'Name': 'glasstruck', 'Percentage': 7.547169811320755}"
"{'grasp_succesful': 0, 'n_simulation_obj': 8, 'Name': 'pharmacyblock', 'Percentage': 0.0}"
"{'grasp_succesful': 1, 'n_simulation_obj': 24, 'Name': 'verysmallonewings', 'Percentage': 4.166666666666666}"
"{'grasp_succesful': 0, 'n_simulation_obj': 15, 'Name': 'onewingsboat', 'Percentage': 0.0}"
"{'grasp_succesful': 1, 'n_simulation_obj': 11, 'Name': 'blackandwhitebuildingposter', 'Percentage': 9.090909090909092}"
"{'grasp_succesful': 9, 'n_simulation_obj': 13, 'Name': 'blueship', 'Percentage': 69.23076923076923}"
"{'grasp_succesful': 5, 'n_simulation_obj': 8, 'Name': 'manyblock', 'Percentage': 62.5}"
"{'grasp_succesful': 0, 'n_simulation_obj': 48, 'Name': 'lyinggrayformula1', 'Percentage': 0.0}"
"{'grasp_succesful': 0, 'n_simulation_obj': 57, 'Name': 'chest', 'Percentage': 0.0}"
"{'grasp_succesful': 3, 'n_simulation_obj': 50, 'Name': 'standingreceiver', 'Percentage': 6.0}"
"{'grasp_succesful': 0, 'n_simulation_obj': 37, 'Name': 'bigship', 'Percentage': 0.0}"
"{'grasp_succesful': 2, 'n_simulation_obj': 75, 'Name': 'lyingpawn', 'Percentage': 2.666666666666667}"
"{'grasp_succesful': 1, 'n_simulation_obj': 77, 'Name': 'graygip', 'Percentage': 1.2987012987012987}"
"{'grasp_succesful': 0, 'n_simulation_obj': 103, 'Name': 'knight3', 'Percentage': 0.0}"
"{'grasp_succesful': 23, 'n_simulation_obj': 104, 'Name': 'blueandgrayTie', 'Percentage': 22.115384615384613}"
"{'grasp_succesful': 16, 'n_simulation_obj': 38, 'Name': 'behindbluecar', 'Percentage': 42.10526315789473}"
"{'grasp_succesful': 2, 'n_simulation_obj': 62, 'Name': 'oldpcwhitkeyboard', 'Percentage': 3.225806451612903}"
"{'grasp_succesful': 2, 'n_simulation_obj': 2, 'Name': 'degreehat', 'Percentage': 100.0}"
"{'grasp_succesful': 19, 'n_simulation_obj': 131, 'Name': 'grayubot', 'Percentage': 14.50381679389313}"
"{'grasp_succesful': 4, 'n_simulation_obj': 51, 'Name': 'whitechess', 'Percentage': 7.8431372549019605}"
"{'grasp_succesful': 10, 'n_simulation_obj': 12, 'Name': 'flipoverwhitecar', 'Percentage': 83.33333333333334}"
"{'grasp_succesful': 12, 'n_simulation_obj': 57, 'Name': 'longbleandredcar', 'Percentage': 21.052631578947366}"
"{'grasp_succesful': 9, 'n_simulation_obj': 28, 'Name': 'militarygreencar', 'Percentage': 32.142857142857146}"
"{'grasp_succesful': 21, 'n_simulation_obj': 154, 'Name': 'yellowcar', 'Percentage': 13.636363636363635}"
"{'grasp_succesful': 1, 'n_simulation_obj': 64, 'Name': 'longblackbridge', 'Percentage': 1.5625}"
"{'grasp_succesful': 16, 'n_simulation_obj': 54, 'Name': 'oldpc', 'Percentage': 29.629629629629626}"
"{'grasp_succesful': 37, 'n_simulation_obj': 77, 'Name': 'redbike', 'Percentage': 48.05194805194805}"
"{'grasp_succesful': 0, 'n_simulation_obj': 6, 'Name': 'whitedoor', 'Percentage': 0.0}"
"{'grasp_succesful': 4, 'n_simulation_obj': 20, 'Name': 'batmancar', 'Percentage': 20.0}"
"{'grasp_succesful': 28, 'n_simulation_obj': 53, 'Name': 'militarytruck', 'Percentage': 52.83018867924528}"
"{'grasp_succesful': 17, 'n_simulation_obj': 114, 'Name': 'blackcatamaran', 'Percentage': 14.912280701754385}"
"{'grasp_succesful': 1, 'n_simulation_obj': 49, 'Name': 'redandyellowbike', 'Percentage': 2.0408163265306123}"
"{'grasp_succesful': 12, 'n_simulation_obj': 130, 'Name': 'locomotive', 'Percentage': 9.230769230769232}"
"{'grasp_succesful': 38, 'n_simulation_obj': 47, 'Name': 'azureship', 'Percentage': 80.85106382978722}"
"{'grasp_succesful': 4, 'n_simulation_obj': 139, 'Name': 'greendragon', 'Percentage': 2.877697841726619}"
"{'grasp_succesful': 5, 'n_simulation_obj': 35, 'Name': 'carwithflag', 'Percentage': 14.285714285714285}"
"{'grasp_succesful': 0, 'n_simulation_obj': 13, 'Name': 'ropebridge', 'Percentage': 0.0}"
"{'grasp_succesful': 8, 'n_simulation_obj': 96, 'Name': 'purplexwing', 'Percentage': 8.333333333333332}"
"{'grasp_succesful': 0, 'n_simulation_obj': 29, 'Name': 'standingbluecar', 'Percentage': 0.0}"
"{'grasp_succesful': 1, 'n_simulation_obj': 7, 'Name': 'whitedoor', 'Percentage': 14.285714285714285}"
"{'grasp_succesful': 15, 'n_simulation_obj': 33, 'Name': 'whiteandredlongship', 'Percentage': 45.45454545454545}"
"{'grasp_succesful': 28, 'n_simulation_obj': 60, 'Name': 'lyingoldcarriage', 'Percentage': 46.666666666666664}"
"{'grasp_succesful': 0, 'n_simulation_obj': 18, 'Name': 'arch', 'Percentage': 0.0}"
"{'grasp_succesful': 37, 'n_simulation_obj': 148, 'Name': 'greendragonwithwings', 'Percentage': 25.0}"
"{'grasp_succesful': 2, 'n_simulation_obj': 43, 'Name': 'flipoverwhitecar2', 'Percentage': 4.651162790697675}"
"{'grasp_succesful': 28, 'n_simulation_obj': 59, 'Name': 'whitebigshoes', 'Percentage': 47.45762711864407}"
"{'grasp_succesful': 0, 'n_simulation_obj': 20, 'Name': 'yellowdragon', 'Percentage': 0.0}"
"{'grasp_succesful': 0, 'n_simulation_obj': 32, 'Name': 'yacht', 'Percentage': 0.0}"
"{'grasp_succesful': 0, 'n_simulation_obj': 56, 'Name': 'pinksatellite', 'Percentage': 0.0}"
"{'grasp_succesful': 2, 'n_simulation_obj': 73, 'Name': 'stanidngwhitebike', 'Percentage': 2.73972602739726}"
"{'grasp_succesful': 11, 'n_simulation_obj': 61, 'Name': 'longblacksatellite', 'Percentage': 18.0327868852459}"
"{'grasp_succesful': 19, 'n_simulation_obj': 122, 'Name': 'militaryship', 'Percentage': 15.573770491803279}"
"{'grasp_succesful': 10, 'n_simulation_obj': 86, 'Name': 'bigblueskate', 'Percentage': 11.627906976744185}"
"{'grasp_succesful': 7, 'n_simulation_obj': 43, 'Name': 'oldcar', 'Percentage': 16.27906976744186}"
"{'grasp_succesful': 1, 'n_simulation_obj': 106, 'Name': 'train', 'Percentage': 0.9433962264150944}"
"{'grasp_succesful': 58, 'n_simulation_obj': 138, 'Name': 'behindwhitecar', 'Percentage': 42.028985507246375}"
"{'grasp_succesful': 3, 'n_simulation_obj': 10, 'Name': 'xwing', 'Percentage': 30.0}"
"{'grasp_succesful': 0, 'n_simulation_obj': 112, 'Name': 'vintagecar', 'Percentage': 0.0}"
"{'grasp_succesful': 5, 'n_simulation_obj': 21, 'Name': 'smallcity', 'Percentage': 23.809523809523807}"
"{'grasp_succesful': 3, 'n_simulation_obj': 132, 'Name': 'blacktruck', 'Percentage': 2.272727272727273}"
"{'grasp_succesful': 3, 'n_simulation_obj': 15, 'Name': 'cashmachineblack', 'Percentage': 20.0}"
"{'grasp_succesful': 1, 'n_simulation_obj': 11, 'Name': 'antenna', 'Percentage': 9.090909090909092}"
"{'grasp_succesful': 2, 'n_simulation_obj': 21, 'Name': 'fireplace', 'Percentage': 9.523809523809524}"
"{'grasp_succesful': 6, 'n_simulation_obj': 36, 'Name': 'cashmachine', 'Percentage': 16.666666666666664}"
"{'grasp_succesful': 5, 'n_simulation_obj': 19, 'Name': 'cashmachinebig', 'Percentage': 26.31578947368421}"
"{'grasp_succesful': 0, 'n_simulation_obj': 126, 'Name': 'whitebike', 'Percentage': 0.0}"
"{'grasp_succesful': 0, 'n_simulation_obj': 6, 'Name': 'pawn3', 'Percentage': 0.0}"
"{'grasp_succesful': 19, 'n_simulation_obj': 64, 'Name': 'lyingblackshoes', 'Percentage': 29.6875}"
"{'grasp_succesful': 11, 'n_simulation_obj': 65, 'Name': 'whitereceiver', 'Percentage': 16.923076923076923}"
"{'grasp_succesful': 7, 'n_simulation_obj': 50, 'Name': 'sailboat', 'Percentage': 14.000000000000002}"
"{'grasp_succesful': 3, 'n_simulation_obj': 41, 'Name': 'redswing', 'Percentage': 7.317073170731707}"
"{'grasp_succesful': 7, 'n_simulation_obj': 26, 'Name': 'harley', 'Percentage': 26.923076923076923}"
"{'grasp_succesful': 0, 'n_simulation_obj': 70, 'Name': 'queen3', 'Percentage': 0.0}"
"{'grasp_succesful': 14, 'n_simulation_obj': 99, 'Name': 'car', 'Percentage': 14.14141414141414}"
"{'grasp_succesful': 0, 'n_simulation_obj': 12, 'Name': 'oldcarriage', 'Percentage': 0.0}"
"{'grasp_succesful': 13, 'n_simulation_obj': 130, 'Name': 'bigparabola', 'Percentage': 10.0}"
"{'grasp_succesful': 7, 'n_simulation_obj': 15, 'Name': 'yellowbook', 'Percentage': 46.666666666666664}"
"{'grasp_succesful': 0, 'n_simulation_obj': 11, 'Name': 'parabola', 'Percentage': 0.0}"
"{'grasp_succesful': 9, 'n_simulation_obj': 25, 'Name': 'whiteswing', 'Percentage': 36.0}"
"{'grasp_succesful': 39, 'n_simulation_obj': 102, 'Name': 'sink', 'Percentage': 38.23529411764706}"
"{'grasp_succesful': 29, 'n_simulation_obj': 81, 'Name': 'squaresink', 'Percentage': 35.80246913580247}"
"{'grasp_succesful': 8, 'n_simulation_obj': 55, 'Name': 'whitecontainer', 'Percentage': 14.545454545454545}"
"{'grasp_succesful': 11, 'n_simulation_obj': 31, 'Name': 'whitebigdoor', 'Percentage': 35.483870967741936}"
"{'grasp_succesful': 15, 'n_simulation_obj': 31, 'Name': 'graybook', 'Percentage': 48.38709677419355}"
"{'grasp_succesful': 70, 'n_simulation_obj': 118, 'Name': 'chinesbridge', 'Percentage': 59.32203389830508}"
"{'grasp_succesful': 33, 'n_simulation_obj': 51, 'Name': 'redandgreenbridge', 'Percentage': 64.70588235294117}"
"{'grasp_succesful': 0, 'n_simulation_obj': 4, 'Name': 'whitebigbridge', 'Percentage': 0.0}"
"{'grasp_succesful': 14, 'n_simulation_obj': 50, 'Name': 'doublegraydoor', 'Percentage': 28.000000000000004}"
"{'grasp_succesful': 9, 'n_simulation_obj': 13, 'Name': 'brownfireplace', 'Percentage': 69.23076923076923}"
"{'grasp_succesful': 1, 'n_simulation_obj': 29, 'Name': 'swing', 'Percentage': 3.4482758620689653}"
"{'grasp_succesful': 0, 'n_simulation_obj': 58, 'Name': 'notstandingstaircase', 'Percentage': 0.0}"
"{'grasp_succesful': 10, 'n_simulation_obj': 52, 'Name': 'etruscansailboat', 'Percentage': 19.230769230769234}"
"{'grasp_succesful': 8, 'n_simulation_obj': 77, 'Name': 'totalblacktank', 'Percentage': 10.38961038961039}"
"{'grasp_succesful': 20, 'n_simulation_obj': 29, 'Name': 'sailboat', 'Percentage': 68.96551724137932}"
"{'grasp_succesful': 0, 'n_simulation_obj': 2, 'Name': 'redswing', 'Percentage': 0.0}"
"{'grasp_succesful': 0, 'n_simulation_obj': 50, 'Name': 'rockamerica2', 'Percentage': 0.0}"
"{'grasp_succesful': 0, 'n_simulation_obj': 42, 'Name': 'boatshoes', 'Percentage': 0.0}"
"{'grasp_succesful': 2, 'n_simulation_obj': 41, 'Name': 'brownsmallship', 'Percentage': 4.878048780487805}"
"{'grasp_succesful': 0, 'n_simulation_obj': 7, 'Name': 'whitehat', 'Percentage': 0.0}"
"{'grasp_succesful': 5, 'n_simulation_obj': 65, 'Name': 'whitegip', 'Percentage': 7.6923076923076925}"
"{'grasp_succesful': 1, 'n_simulation_obj': 15, 'Name': 'whitetank', 'Percentage': 6.666666666666667}"
"{'grasp_succesful': 111, 'n_simulation_obj': 157, 'Name': 'yellowromanhat', 'Percentage': 70.70063694267516}"
"{'grasp_succesful': 3, 'n_simulation_obj': 22, 'Name': 'smallcity2', 'Percentage': 13.636363636363635}"
"{'grasp_succesful': 6, 'n_simulation_obj': 35, 'Name': 'orangewingboat', 'Percentage': 17.142857142857142}"
"{'grasp_succesful': 32, 'n_simulation_obj': 126, 'Name': 'whitetank2', 'Percentage': 25.396825396825395}"
"{'grasp_succesful': 8, 'n_simulation_obj': 48, 'Name': 'smallboat', 'Percentage': 16.666666666666664}"
"{'grasp_succesful': 7, 'n_simulation_obj': 31, 'Name': 'yellowtank', 'Percentage': 22.58064516129032}"
"{'grasp_succesful': 2, 'n_simulation_obj': 35, 'Name': 'behindtruck', 'Percentage': 5.714285714285714}"
"{'grasp_succesful': 0, 'n_simulation_obj': 16, 'Name': 'rockcone', 'Percentage': 0.0}"
"{'grasp_succesful': 1, 'n_simulation_obj': 13, 'Name': 'redswing', 'Percentage': 7.6923076923076925}"
"{'grasp_succesful': 0, 'n_simulation_obj': 1, 'Name': 'behindtruck', 'Percentage': 0.0}"
"{'grasp_succesful': 1, 'n_simulation_obj': 36, 'Name': 'behindubot', 'Percentage': 2.7777777777777777}"
"{'grasp_succesful': 12, 'n_simulation_obj': 114, 'Name': 'blackandstripeshat', 'Percentage': 10.526315789473683}"
"{'grasp_succesful': 11, 'n_simulation_obj': 101, 'Name': 'redmoto', 'Percentage': 10.891089108910892}"
"{'grasp_succesful': 4, 'n_simulation_obj': 21, 'Name': 'harley', 'Percentage': 19.047619047619047}"
"{'grasp_succesful': 6, 'n_simulation_obj': 124, 'Name': 'king', 'Percentage': 4.838709677419355}"
"{'grasp_succesful': 30, 'n_simulation_obj': 87, 'Name': 'blacktie', 'Percentage': 34.48275862068966}"
"{'grasp_succesful': 4, 'n_simulation_obj': 11, 'Name': '2blacksignace', 'Percentage': 36.36363636363637}"
"{'grasp_succesful': 13, 'n_simulation_obj': 26, 'Name': 'behindtruck', 'Percentage': 50.0}"
"{'grasp_succesful': 3, 'n_simulation_obj': 62, 'Name': 'monstertruck', 'Percentage': 4.838709677419355}"
"{'grasp_succesful': 4, 'n_simulation_obj': 87, 'Name': 'orangeskate', 'Percentage': 4.597701149425287}"
"{'grasp_succesful': 18, 'n_simulation_obj': 31, 'Name': 'newbalanceshoes', 'Percentage': 58.06451612903226}"
"{'grasp_succesful': 4, 'n_simulation_obj': 73, 'Name': 'queen', 'Percentage': 5.47945205479452}"
"{'grasp_succesful': 0, 'n_simulation_obj': 33, 'Name': 'totalblackubot', 'Percentage': 0.0}"
"{'grasp_succesful': 9, 'n_simulation_obj': 77, 'Name': 'redandwoodstair', 'Percentage': 11.688311688311687}"
"{'grasp_succesful': 0, 'n_simulation_obj': 7, 'Name': 'redubot', 'Percentage': 0.0}"
"{'grasp_succesful': 11, 'n_simulation_obj': 16, 'Name': 'oldwhitehat', 'Percentage': 68.75}"
"{'grasp_succesful': 0, 'n_simulation_obj': 60, 'Name': 'pcmac', 'Percentage': 0.0}"
"{'grasp_succesful': 0, 'n_simulation_obj': 75, 'Name': 'lyingtrain', 'Percentage': 0.0}"
"{'grasp_succesful': 21, 'n_simulation_obj': 58, 'Name': 'flipovergreentank', 'Percentage': 36.206896551724135}"
"{'grasp_succesful': 0, 'n_simulation_obj': 5, 'Name': 'queen2', 'Percentage': 0.0}"
"{'grasp_succesful': 0, 'n_simulation_obj': 52, 'Name': 'america', 'Percentage': 0.0}"
"{'grasp_succesful': 7, 'n_simulation_obj': 61, 'Name': 'yellowandgreenlocomotive', 'Percentage': 11.475409836065573}"
"{'grasp_succesful': 12, 'n_simulation_obj': 120, 'Name': 'blueandredbigcar', 'Percentage': 10.0}"
"{'grasp_succesful': 0, 'n_simulation_obj': 31, 'Name': 'redsmallship', 'Percentage': 0.0}"
"{'grasp_succesful': 0, 'n_simulation_obj': 40, 'Name': 'personalcomputerblack', 'Percentage': 0.0}"
"{'grasp_succesful': 2, 'n_simulation_obj': 28, 'Name': 'pawn4', 'Percentage': 7.142857142857142}"
"{'grasp_succesful': 0, 'n_simulation_obj': 22, 'Name': 'notstraightlinecar', 'Percentage': 0.0}"
"{'grasp_succesful': 5, 'n_simulation_obj': 35, 'Name': 'grayshoes', 'Percentage': 14.285714285714285}"
"{'grasp_succesful': 12, 'n_simulation_obj': 127, 'Name': 'pickup', 'Percentage': 9.448818897637794}"
"{'grasp_succesful': 0, 'n_simulation_obj': 58, 'Name': 'blueandyellowbike', 'Percentage': 0.0}"
"{'grasp_succesful': 1, 'n_simulation_obj': 4, 'Name': 'bronwusa', 'Percentage': 25.0}"
"{'grasp_succesful': 18, 'n_simulation_obj': 187, 'Name': 'graystripesshoes', 'Percentage': 9.62566844919786}"
"{'grasp_succesful': 0, 'n_simulation_obj': 63, 'Name': 'longblackcontainership', 'Percentage': 0.0}"
"{'grasp_succesful': 0, 'n_simulation_obj': 5, 'Name': 'grayswing', 'Percentage': 0.0}"
"{'grasp_succesful': 19, 'n_simulation_obj': 69, 'Name': 'longpinksatellite', 'Percentage': 27.536231884057973}"
"{'grasp_succesful': 0, 'n_simulation_obj': 24, 'Name': 'rockamerica', 'Percentage': 0.0}"
"{'grasp_succesful': 29, 'n_simulation_obj': 72, 'Name': 'standingcar', 'Percentage': 40.27777777777778}"
"{'grasp_succesful': 21, 'n_simulation_obj': 99, 'Name': 'smallwhitetank', 'Percentage': 21.21212121212121}"
"{'grasp_succesful': 0, 'n_simulation_obj': 37, 'Name': 'totalblackship', 'Percentage': 0.0}"
"{'grasp_succesful': 0, 'n_simulation_obj': 51, 'Name': 'whitecontainership', 'Percentage': 0.0}"
"{'grasp_succesful': 0, 'n_simulation_obj': 24, 'Name': 'movingballs', 'Percentage': 0.0}"
"{'grasp_succesful': 3, 'n_simulation_obj': 30, 'Name': 'whiteubot', 'Percentage': 10.0}"
"{'grasp_succesful': 6, 'n_simulation_obj': 57, 'Name': 'historyhat', 'Percentage': 10.526315789473683}"
"{'grasp_succesful': 4, 'n_simulation_obj': 108, 'Name': 'bluecar', 'Percentage': 3.7037037037037033}"
"{'grasp_succesful': 2, 'n_simulation_obj': 76, 'Name': 'oldcoach', 'Percentage': 2.631578947368421}"
"{'grasp_succesful': 12, 'n_simulation_obj': 103, 'Name': 'blueandredcar', 'Percentage': 11.650485436893204}"
"{'grasp_succesful': 10, 'n_simulation_obj': 72, 'Name': 'orangeamerica', 'Percentage': 13.88888888888889}"
"{'grasp_succesful': 35, 'n_simulation_obj': 70, 'Name': 'sideubot', 'Percentage': 50.0}"
"{'grasp_succesful': 35, 'n_simulation_obj': 112, 'Name': 'smallcity3', 'Percentage': 31.25}"
"{'grasp_succesful': 44, 'n_simulation_obj': 105, 'Name': 'blackoldhat', 'Percentage': 41.904761904761905}"
"{'grasp_succesful': 28, 'n_simulation_obj': 99, 'Name': 'bronwcowboyhat', 'Percentage': 28.28282828282828}"
"{'grasp_succesful': 7, 'n_simulation_obj': 31, 'Name': 'motogp', 'Percentage': 22.58064516129032}"
"{'grasp_succesful': 58, 'n_simulation_obj': 89, 'Name': 'tankblack', 'Percentage': 65.1685393258427}"
"{'grasp_succesful': 2, 'n_simulation_obj': 43, 'Name': 'pawn2', 'Percentage': 4.651162790697675}"
"{'grasp_succesful': 7, 'n_simulation_obj': 124, 'Name': 'bronwstair', 'Percentage': 5.64516129032258}"
"{'grasp_succesful': 7, 'n_simulation_obj': 23, 'Name': 'backoldcarriage', 'Percentage': 30.434782608695656}"
"{'grasp_succesful': 21, 'n_simulation_obj': 108, 'Name': 'whitebigsailboat', 'Percentage': 19.444444444444446}"
"{'grasp_succesful': 53, 'n_simulation_obj': 99, 'Name': 'highhatwhite', 'Percentage': 53.535353535353536}"
"{'grasp_succesful': 4, 'n_simulation_obj': 61, 'Name': 'whitelocomotive', 'Percentage': 6.557377049180328}"
"{'grasp_succesful': 0, 'n_simulation_obj': 2, 'Name': 'airsignace', 'Percentage': 0.0}"
"{'grasp_succesful': 0, 'n_simulation_obj': 43, 'Name': 'ship', 'Percentage': 0.0}"
"{'grasp_succesful': 14, 'n_simulation_obj': 29, 'Name': 'flipoverwhitemoto', 'Percentage': 48.275862068965516}"
"{'grasp_succesful': 33, 'n_simulation_obj': 74, 'Name': 'blackformula1', 'Percentage': 44.5945945945946}"
"{'grasp_succesful': 2, 'n_simulation_obj': 65, 'Name': 'graybuildingposter', 'Percentage': 3.076923076923077}"
"{'grasp_succesful': 19, 'n_simulation_obj': 129, 'Name': 'blackandgreenship', 'Percentage': 14.728682170542637}"
"{'grasp_succesful': 2, 'n_simulation_obj': 102, 'Name': 'icedragonwithwings', 'Percentage': 1.9607843137254901}"
"{'grasp_succesful': 0, 'n_simulation_obj': 36, 'Name': 'pinkstandingstaircase', 'Percentage': 0.0}"
"{'grasp_succesful': 0, 'n_simulation_obj': 8, 'Name': 'vitangeglasscar', 'Percentage': 0.0}"
"{'grasp_succesful': 27, 'n_simulation_obj': 39, 'Name': 'pilothat', 'Percentage': 69.23076923076923}"
"{'grasp_succesful': 8, 'n_simulation_obj': 41, 'Name': 'receiver', 'Percentage': 19.51219512195122}"
"{'grasp_succesful': 1, 'n_simulation_obj': 21, 'Name': 'biggraydoor', 'Percentage': 4.761904761904762}"
"{'grasp_succesful': 8, 'n_simulation_obj': 25, 'Name': 'blackbook', 'Percentage': 32.0}"
"{'grasp_succesful': 0, 'n_simulation_obj': 5, 'Name': 'blackfireplace', 'Percentage': 0.0}"
"{'grasp_succesful': 1, 'n_simulation_obj': 39, 'Name': 'orangetruck', 'Percentage': 2.564102564102564}"
"{'grasp_succesful': 3, 'n_simulation_obj': 65, 'Name': 'snickers', 'Percentage': 4.615384615384616}"
"{'grasp_succesful': 0, 'n_simulation_obj': 70, 'Name': 'boxwithballs', 'Percentage': 0.0}"
"{'grasp_succesful': 2, 'n_simulation_obj': 16, 'Name': 'yellowandbronwumbrella', 'Percentage': 12.5}"
"{'grasp_succesful': 9, 'n_simulation_obj': 47, 'Name': 'romansailboat', 'Percentage': 19.148936170212767}"
"{'grasp_succesful': 14, 'n_simulation_obj': 50, 'Name': 'pterosauri', 'Percentage': 28.000000000000004}"
"{'grasp_succesful': 15, 'n_simulation_obj': 91, 'Name': 'chess', 'Percentage': 16.483516483516482}"
"{'grasp_succesful': 4, 'n_simulation_obj': 48, 'Name': 'greentank', 'Percentage': 8.333333333333332}"
"{'grasp_succesful': 4, 'n_simulation_obj': 11, 'Name': 'whiteflagsignace', 'Percentage': 36.36363636363637}"
"{'grasp_succesful': 2, 'n_simulation_obj': 73, 'Name': 'whoodboat', 'Percentage': 2.73972602739726}"
"{'grasp_succesful': 0, 'n_simulation_obj': 35, 'Name': 'standingwhitetank', 'Percentage': 0.0}"
"{'grasp_succesful': 1, 'n_simulation_obj': 38, 'Name': 'flipoverblackxwing', 'Percentage': 2.631578947368421}"
"{'grasp_succesful': 0, 'n_simulation_obj': 35, 'Name': 'containership', 'Percentage': 0.0}"
"{'grasp_succesful': 0, 'n_simulation_obj': 4, 'Name': 'tank', 'Percentage': 0.0}"
"{'grasp_succesful': 12, 'n_simulation_obj': 124, 'Name': 'yellowtram', 'Percentage': 9.67741935483871}"
"{'grasp_succesful': 18, 'n_simulation_obj': 39, 'Name': 'king2', 'Percentage': 46.15384615384615}"
"{'grasp_succesful': 2, 'n_simulation_obj': 56, 'Name': 'pawn', 'Percentage': 3.571428571428571}"
"{'grasp_succesful': 1, 'n_simulation_obj': 62, 'Name': 'researchship', 'Percentage': 1.6129032258064515}"
"{'grasp_succesful': 13, 'n_simulation_obj': 84, 'Name': 'browndragonwithwings', 'Percentage': 15.476190476190476}"
"{'grasp_succesful': 6, 'n_simulation_obj': 89, 'Name': 'manycontainer', 'Percentage': 6.741573033707865}"
"{'grasp_succesful': 54, 'n_simulation_obj': 108, 'Name': 'yellowlocomotive', 'Percentage': 50.0}"
"{'grasp_succesful': 1, 'n_simulation_obj': 7, 'Name': 'blackstopsignace', 'Percentage': 14.285714285714285}"
"{'grasp_succesful': 8, 'n_simulation_obj': 62, 'Name': 'blackshoes', 'Percentage': 12.903225806451612}"
"{'grasp_succesful': 0, 'n_simulation_obj': 6, 'Name': 'pole', 'Percentage': 0.0}"
"{'grasp_succesful': 0, 'n_simulation_obj': 46, 'Name': 'lyingformula1', 'Percentage': 0.0}"
"{'grasp_succesful': 0, 'n_simulation_obj': 39, 'Name': 'bigsailboat', 'Percentage': 0.0}"
"{'grasp_succesful': 1, 'n_simulation_obj': 25, 'Name': 'truck', 'Percentage': 4.0}"
"{'grasp_succesful': 10, 'n_simulation_obj': 141, 'Name': 'pinklocomotive', 'Percentage': 7.092198581560284}"
"{'grasp_succesful': 0, 'n_simulation_obj': 38, 'Name': 'bluebike', 'Percentage': 0.0}"
"{'grasp_succesful': 33, 'n_simulation_obj': 62, 'Name': 'tram', 'Percentage': 53.2258064516129}"
"{'grasp_succesful': 0, 'n_simulation_obj': 40, 'Name': 'bigredstair', 'Percentage': 0.0}"
"{'grasp_succesful': 3, 'n_simulation_obj': 62, 'Name': 'yellowskate', 'Percentage': 4.838709677419355}"
"{'grasp_succesful': 34, 'n_simulation_obj': 55, 'Name': 'longpinkcar', 'Percentage': 61.81818181818181}"
"{'grasp_succesful': 44, 'n_simulation_obj': 91, 'Name': 'vikingssailboat', 'Percentage': 48.35164835164835}"
"{'grasp_succesful': 1, 'n_simulation_obj': 54, 'Name': 'backmonstertruck', 'Percentage': 1.8518518518518516}"
"{'grasp_succesful': 0, 'n_simulation_obj': 72, 'Name': 'standingshuttle', 'Percentage': 0.0}"
"{'grasp_succesful': 19, 'n_simulation_obj': 54, 'Name': 'verysmallboat', 'Percentage': 35.18518518518518}"
"{'grasp_succesful': 9, 'n_simulation_obj': 62, 'Name': 'redbigcar', 'Percentage': 14.516129032258066}"
"{'grasp_succesful': 4, 'n_simulation_obj': 75, 'Name': 'redxwing', 'Percentage': 5.333333333333334}"
"{'grasp_succesful': 10, 'n_simulation_obj': 172, 'Name': 'redformula1', 'Percentage': 5.813953488372093}"
"{'grasp_succesful': 25, 'n_simulation_obj': 48, 'Name': 'formula1', 'Percentage': 52.083333333333336}"
"{'grasp_succesful': 11, 'n_simulation_obj': 95, 'Name': 'brownchess', 'Percentage': 11.578947368421053}"
"{'grasp_succesful': 8, 'n_simulation_obj': 67, 'Name': 'allcolorcar', 'Percentage': 11.940298507462686}"
"{'grasp_succesful': 23, 'n_simulation_obj': 43, 'Name': 'flipoverblackship', 'Percentage': 53.48837209302325}"
"{'grasp_succesful': 0, 'n_simulation_obj': 42, 'Name': 'flipoverblacktank', 'Percentage': 0.0}"
"{'grasp_succesful': 0, 'n_simulation_obj': 6, 'Name': 'graydooropen', 'Percentage': 0.0}"
"{'grasp_succesful': 1, 'n_simulation_obj': 40, 'Name': 'sidewhiteubot', 'Percentage': 2.5}"
"{'grasp_succesful': 28, 'n_simulation_obj': 69, 'Name': 'totalwhitetank', 'Percentage': 40.57971014492754}"
"{'grasp_succesful': 10, 'n_simulation_obj': 58, 'Name': 'totalblackwithwhitewheeltank', 'Percentage': 17.24137931034483}"
"{'grasp_succesful': 10, 'n_simulation_obj': 77, 'Name': 'twocilinder', 'Percentage': 12.987012987012985}"
"{'grasp_succesful': 0, 'n_simulation_obj': 45, 'Name': 'longwhiteship', 'Percentage': 0.0}"
"{'grasp_succesful': 3, 'n_simulation_obj': 20, 'Name': 'knight', 'Percentage': 15.0}"
"{'grasp_succesful': 3, 'n_simulation_obj': 25, 'Name': 'behindformula1', 'Percentage': 12.0}"
"{'grasp_succesful': 33, 'n_simulation_obj': 57, 'Name': 'redandblueumbrella', 'Percentage': 57.89473684210527}"
"{'grasp_succesful': 21, 'n_simulation_obj': 105, 'Name': 'colorcar2', 'Percentage': 20.0}"
"{'grasp_succesful': 0, 'n_simulation_obj': 35, 'Name': 'standingxwing', 'Percentage': 0.0}"
"{'grasp_succesful': 23, 'n_simulation_obj': 72, 'Name': 'smallcitycolor', 'Percentage': 31.944444444444443}"
"{'grasp_succesful': 0, 'n_simulation_obj': 92, 'Name': 'pinktriumph', 'Percentage': 0.0}"
"{'grasp_succesful': 75, 'n_simulation_obj': 166, 'Name': 'militaryhat', 'Percentage': 45.18072289156627}"
"{'grasp_succesful': 17, 'n_simulation_obj': 42, 'Name': 'opencar', 'Percentage': 40.476190476190474}"
"{'grasp_succesful': 22, 'n_simulation_obj': 143, 'Name': 'whiteresearchship', 'Percentage': 15.384615384615385}"
"{'grasp_succesful': 55, 'n_simulation_obj': 88, 'Name': 'blackandwhitetank', 'Percentage': 62.5}"
"{'grasp_succesful': 0, 'n_simulation_obj': 34, 'Name': 'ship2', 'Percentage': 0.0}"
"{'grasp_succesful': 1, 'n_simulation_obj': 43, 'Name': 'messyboat', 'Percentage': 2.3255813953488373}"
"{'grasp_succesful': 31, 'n_simulation_obj': 136, 'Name': 'texasyellowhat', 'Percentage': 22.794117647058822}"
"{'grasp_succesful': 4, 'n_simulation_obj': 17, 'Name': 'smallyellowumbrella', 'Percentage': 23.52941176470588}"
"{'grasp_succesful': 1, 'n_simulation_obj': 75, 'Name': 'pinkstandingreceiver', 'Percentage': 1.3333333333333335}"
"{'grasp_succesful': 7, 'n_simulation_obj': 71, 'Name': 'behindblueformula1', 'Percentage': 9.859154929577464}"
"{'grasp_succesful': 23, 'n_simulation_obj': 45, 'Name': 'blacktank', 'Percentage': 51.11111111111111}"
"{'grasp_succesful': 10, 'n_simulation_obj': 73, 'Name': 'longwhitecontainership', 'Percentage': 13.698630136986301}"
"{'grasp_succesful': 18, 'n_simulation_obj': 94, 'Name': 'redmanbike', 'Percentage': 19.148936170212767}"
