"{'grasp_succesful': 26, 'n_simulation_obj': 80, 'Name': 'soft_scrub_2lb_4oz', 'Percentage': 32.5}"
"{'grasp_succesful': 51, 'n_simulation_obj': 68, 'Name': 'black_and_decker_lithium_drill_driver_unboxed', 'Percentage': 75.0}"
"{'grasp_succesful': 2, 'n_simulation_obj': 7, 'Name': '1_and_a_half_in_metal_washer', 'Percentage': 28.57142857142857}"
"{'grasp_succesful': 5, 'n_simulation_obj': 11, 'Name': 'melissa_doug_farm_fresh_fruit_strawberry', 'Percentage': 45.45454545454545}"
"{'grasp_succesful': 26, 'n_simulation_obj': 33, 'Name': 'yellow_plastic_chain', 'Percentage': 78.78787878787878}"
"{'grasp_succesful': 9, 'n_simulation_obj': 11, 'Name': 'starkist_chunk_light_tuna', 'Percentage': 81.81818181818183}"
"{'grasp_succesful': 7, 'n_simulation_obj': 11, 'Name': 'melissa_doug_farm_fresh_fruit_plum', 'Percentage': 63.63636363636363}"
"{'grasp_succesful': 10, 'n_simulation_obj': 11, 'Name': 'play_go_rainbow_stakin_cups_9_red', 'Percentage': 90.9090909090909}"
"{'grasp_succesful': 10, 'n_simulation_obj': 39, 'Name': 'stainless_steel_spoon_red_handle', 'Percentage': 25.64102564102564}"
"{'grasp_succesful': 13, 'n_simulation_obj': 20, 'Name': 'comet_lemon_fresh_bleach', 'Percentage': 65.0}"
"{'grasp_succesful': 4, 'n_simulation_obj': 17, 'Name': 'stainless_steel_spatula', 'Percentage': 23.52941176470588}"
"{'grasp_succesful': 1, 'n_simulation_obj': 21, 'Name': 'cheeze-it_388g', 'Percentage': 4.761904761904762}"
"{'grasp_succesful': 2, 'n_simulation_obj': 22, 'Name': 'moutain_security_steel_shackle', 'Percentage': 9.090909090909092}"
"{'grasp_succesful': 39, 'n_simulation_obj': 89, 'Name': 'wescott_orange_grey_scissors', 'Percentage': 43.82022471910113}"
"{'grasp_succesful': 3, 'n_simulation_obj': 4, 'Name': 'purple_wood_block_1inx1in', 'Percentage': 75.0}"
"{'grasp_succesful': 34, 'n_simulation_obj': 84, 'Name': 'stainless_steel_fork_red_handle', 'Percentage': 40.476190476190474}"
"{'grasp_succesful': 11, 'n_simulation_obj': 11, 'Name': 'play_go_rainbow_stakin_cups_10_blue', 'Percentage': 100.0}"
"{'grasp_succesful': 0, 'n_simulation_obj': 3, 'Name': 'plastic_bolt_grey', 'Percentage': 0.0}"
"{'grasp_succesful': 25, 'n_simulation_obj': 45, 'Name': 'play_go_rainbow_stakin_cups_3_red', 'Percentage': 55.55555555555556}"
"{'grasp_succesful': 3, 'n_simulation_obj': 21, 'Name': 'sharpie_marker', 'Percentage': 14.285714285714285}"
"{'grasp_succesful': 21, 'n_simulation_obj': 35, 'Name': 'dark_red_foam_block_with_three_holes', 'Percentage': 60.0}"
"{'grasp_succesful': 5, 'n_simulation_obj': 11, 'Name': 'melissa_doug_farm_fresh_fruit_lemon', 'Percentage': 45.45454545454545}"
"{'grasp_succesful': 8, 'n_simulation_obj': 15, 'Name': 'master_chef_ground_coffee_297g', 'Percentage': 53.333333333333336}"
"{'grasp_succesful': 41, 'n_simulation_obj': 57, 'Name': 'jell-o_chocolate_flavor_pudding', 'Percentage': 71.9298245614035}"
"{'grasp_succesful': 5, 'n_simulation_obj': 5, 'Name': 'morton_salt_shaker', 'Percentage': 100.0}"
"{'grasp_succesful': 6, 'n_simulation_obj': 11, 'Name': 'wilson_golf_ball', 'Percentage': 54.54545454545454}"
"{'grasp_succesful': 29, 'n_simulation_obj': 83, 'Name': 'white_rope', 'Percentage': 34.93975903614458}"
"{'grasp_succesful': 19, 'n_simulation_obj': 24, 'Name': 'red_metal_cup_white_speckles', 'Percentage': 79.16666666666666}"
"{'grasp_succesful': 1, 'n_simulation_obj': 22, 'Name': 'cheerios_14oz', 'Percentage': 4.545454545454546}"
"{'grasp_succesful': 0, 'n_simulation_obj': 7, 'Name': 'blue_wood_block_1inx1in', 'Percentage': 0.0}"
"{'grasp_succesful': 18, 'n_simulation_obj': 29, 'Name': 'jell-o_strawberry_gelatin_dessert', 'Percentage': 62.06896551724138}"
"{'grasp_succesful': 11, 'n_simulation_obj': 11, 'Name': 'champion_sports_official_softball', 'Percentage': 100.0}"
"{'grasp_succesful': 14, 'n_simulation_obj': 21, 'Name': 'clorox_disinfecting_wipes_35', 'Percentage': 66.66666666666666}"
"{'grasp_succesful': 35, 'n_simulation_obj': 83, 'Name': 'large_black_spring_clamp', 'Percentage': 42.168674698795186}"
"{'grasp_succesful': 10, 'n_simulation_obj': 11, 'Name': 'melissa_doug_farm_fresh_fruit_apple', 'Percentage': 90.9090909090909}"
"{'grasp_succesful': 23, 'n_simulation_obj': 47, 'Name': 'frenchs_classic_yellow_mustard_14oz', 'Percentage': 48.93617021276596}"
"{'grasp_succesful': 22, 'n_simulation_obj': 54, 'Name': 'windex', 'Percentage': 40.74074074074074}"
"{'grasp_succesful': 32, 'n_simulation_obj': 51, 'Name': 'stainless_steel_knife_red_handle', 'Percentage': 62.745098039215684}"
"{'grasp_succesful': 0, 'n_simulation_obj': 5, 'Name': '2in_metal_washer', 'Percentage': 0.0}"
"{'grasp_succesful': 1, 'n_simulation_obj': 9, 'Name': 'black_and_decker_lithium_drill_driver', 'Percentage': 11.11111111111111}"
"{'grasp_succesful': 14, 'n_simulation_obj': 24, 'Name': 'red_metal_bowl_white_speckles', 'Percentage': 58.333333333333336}"
"{'grasp_succesful': 40, 'n_simulation_obj': 118, 'Name': 'wearever_cooking_pan_with_lid', 'Percentage': 33.89830508474576}"
"{'grasp_succesful': 11, 'n_simulation_obj': 22, 'Name': 'block_of_wood_12in', 'Percentage': 50.0}"
"{'grasp_succesful': 15, 'n_simulation_obj': 56, 'Name': 'medium_black_spring_clamp', 'Percentage': 26.785714285714285}"
"{'grasp_succesful': 45, 'n_simulation_obj': 108, 'Name': 'red_metal_plate_white_speckles', 'Percentage': 41.66666666666667}"
"{'grasp_succesful': 0, 'n_simulation_obj': 2, 'Name': 'moutain_security_steel_shackle_key', 'Percentage': 0.0}"
"{'grasp_succesful': 9, 'n_simulation_obj': 11, 'Name': 'play_go_rainbow_stakin_cups_7_yellow', 'Percentage': 81.81818181818183}"
"{'grasp_succesful': 31, 'n_simulation_obj': 61, 'Name': 'rubbermaid_ice_guard_pitcher_blue', 'Percentage': 50.81967213114754}"
"{'grasp_succesful': 3, 'n_simulation_obj': 11, 'Name': 'melissa_doug_farm_fresh_fruit_pear', 'Percentage': 27.27272727272727}"
"{'grasp_succesful': 15, 'n_simulation_obj': 20, 'Name': 'domino_sugar_1lb', 'Percentage': 75.0}"
"{'grasp_succesful': 2, 'n_simulation_obj': 9, 'Name': 'yellow_wood_block_1inx1in', 'Percentage': 22.22222222222222}"
"{'grasp_succesful': 7, 'n_simulation_obj': 33, 'Name': 'stanley_13oz_hammer', 'Percentage': 21.21212121212121}"
"{'grasp_succesful': 8, 'n_simulation_obj': 11, 'Name': 'penn_raquet_ball', 'Percentage': 72.72727272727273}"
"{'grasp_succesful': 7, 'n_simulation_obj': 11, 'Name': 'melissa_doug_farm_fresh_fruit_peach', 'Percentage': 63.63636363636363}"
"{'grasp_succesful': 9, 'n_simulation_obj': 11, 'Name': 'play_go_rainbow_stakin_cups_6_purple', 'Percentage': 81.81818181818183}"
"{'grasp_succesful': 5, 'n_simulation_obj': 15, 'Name': 'morton_pepper_shaker', 'Percentage': 33.33333333333333}"
"{'grasp_succesful': 11, 'n_simulation_obj': 15, 'Name': 'play_go_rainbow_stakin_cups_5_green', 'Percentage': 73.33333333333333}"
"{'grasp_succesful': 11, 'n_simulation_obj': 18, 'Name': 'red_wood_block_1inx1in', 'Percentage': 61.111111111111114}"
"{'grasp_succesful': 19, 'n_simulation_obj': 25, 'Name': 'melissa_doug_farm_fresh_fruit_banana', 'Percentage': 76.0}"
"{'grasp_succesful': 43, 'n_simulation_obj': 101, 'Name': 'first_years_take_and_toss_straw_cups', 'Percentage': 42.57425742574257}"
"{'grasp_succesful': 18, 'n_simulation_obj': 52, 'Name': 'kong_duck_dog_toy', 'Percentage': 34.61538461538461}"
"{'grasp_succesful': 0, 'n_simulation_obj': 4, 'Name': 'oreo_mega_stuf', 'Percentage': 0.0}"
"{'grasp_succesful': 24, 'n_simulation_obj': 37, 'Name': 'crayola_64_ct', 'Percentage': 64.86486486486487}"
"{'grasp_succesful': 36, 'n_simulation_obj': 73, 'Name': 'mommys_helper_outlet_plugs', 'Percentage': 49.31506849315068}"
"{'grasp_succesful': 16, 'n_simulation_obj': 101, 'Name': 'stanley_66_052', 'Percentage': 15.841584158415841}"
"{'grasp_succesful': 39, 'n_simulation_obj': 80, 'Name': 'feline_greenies_dental_treats', 'Percentage': 48.75}"
"{'grasp_succesful': 8, 'n_simulation_obj': 11, 'Name': 'expo_dry_erase_board_eraser', 'Percentage': 72.72727272727273}"
"{'grasp_succesful': 5, 'n_simulation_obj': 21, 'Name': 'cheezit_big_original', 'Percentage': 23.809523809523807}"
"{'grasp_succesful': 8, 'n_simulation_obj': 11, 'Name': 'genuine_joe_plastic_stir_sticks', 'Percentage': 72.72727272727273}"
"{'grasp_succesful': 20, 'n_simulation_obj': 57, 'Name': 'kong_sitting_frog_dog_toy', 'Percentage': 35.08771929824561}"
"{'grasp_succesful': 17, 'n_simulation_obj': 24, 'Name': 'safety_works_safety_glasses', 'Percentage': 70.83333333333334}"
"{'grasp_succesful': 8, 'n_simulation_obj': 16, 'Name': 'kong_air_dog_squeakair_tennis_ball', 'Percentage': 50.0}"
"{'grasp_succesful': 16, 'n_simulation_obj': 16, 'Name': 'highland_6539_self_stick_notes', 'Percentage': 100.0}"
"{'grasp_succesful': 5, 'n_simulation_obj': 11, 'Name': 'mead_index_cards', 'Percentage': 45.45454545454545}"
"{'grasp_succesful': 9, 'n_simulation_obj': 21, 'Name': 'mark_twain_huckleberry_finn', 'Percentage': 42.857142857142854}"
"{'grasp_succesful': 19, 'n_simulation_obj': 40, 'Name': 'rollodex_mesh_collection_jumbo_pencil_cup', 'Percentage': 47.5}"
"{'grasp_succesful': 4, 'n_simulation_obj': 20, 'Name': 'laugh_out_loud_joke_book', 'Percentage': 20.0}"
"{'grasp_succesful': 21, 'n_simulation_obj': 40, 'Name': 'munchkin_white_hot_duck_bath_toy', 'Percentage': 52.5}"
"{'grasp_succesful': 9, 'n_simulation_obj': 18, 'Name': 'kygen_squeakin_eggs_plush_puppies', 'Percentage': 50.0}"
"{'grasp_succesful': 17, 'n_simulation_obj': 29, 'Name': 'paper_mate_12_count_mirado_black_warrior', 'Percentage': 58.620689655172406}"
"{'grasp_succesful': 10, 'n_simulation_obj': 11, 'Name': 'bowA', 'Percentage': 90.9090909090909}"
"{'grasp_succesful': 41, 'n_simulation_obj': 56, 'Name': 'containerA', 'Percentage': 73.21428571428571}"
"{'grasp_succesful': 5, 'n_simulation_obj': 11, 'Name': 'containerC', 'Percentage': 45.45454545454545}"
"{'grasp_succesful': 20, 'n_simulation_obj': 36, 'Name': 'kitchenUtensilD', 'Percentage': 55.55555555555556}"
"{'grasp_succesful': 15, 'n_simulation_obj': 55, 'Name': 'kitchenUtensilA', 'Percentage': 27.27272727272727}"
"{'grasp_succesful': 8, 'n_simulation_obj': 32, 'Name': 'kitchenUtensilB', 'Percentage': 25.0}"
"{'grasp_succesful': 3, 'n_simulation_obj': 34, 'Name': 'kitchenUtensilC', 'Percentage': 8.823529411764707}"
"{'grasp_succesful': 10, 'n_simulation_obj': 34, 'Name': 'kitchenUtensilE', 'Percentage': 29.411764705882355}"
"{'grasp_succesful': 1, 'n_simulation_obj': 9, 'Name': 'kitchenUtensilF', 'Percentage': 11.11111111111111}"
"{'grasp_succesful': 15, 'n_simulation_obj': 37, 'Name': 'kitchenUtensilG', 'Percentage': 40.54054054054054}"
"{'grasp_succesful': 0, 'n_simulation_obj': 7, 'Name': 'mugD', 'Percentage': 0.0}"
"{'grasp_succesful': 15, 'n_simulation_obj': 45, 'Name': 'pot', 'Percentage': 33.33333333333333}"
"{'grasp_succesful': 11, 'n_simulation_obj': 20, 'Name': 'blackparabola', 'Percentage': 55.00000000000001}"
"{'grasp_succesful': 14, 'n_simulation_obj': 31, 'Name': 'openchest', 'Percentage': 45.16129032258064}"
"{'grasp_succesful': 11, 'n_simulation_obj': 21, 'Name': 'pringles_original', 'Percentage': 52.38095238095239}"
"{'grasp_succesful': 7, 'n_simulation_obj': 11, 'Name': 'brine_mini_soccer_ball', 'Percentage': 63.63636363636363}"
"{'grasp_succesful': 19, 'n_simulation_obj': 34, 'Name': 'learning_resources_one-inch_color_cubes_box', 'Percentage': 55.88235294117647}"
"{'grasp_succesful': 2, 'n_simulation_obj': 2, 'Name': 'play_go_rainbow_stakin_cups_blue_4', 'Percentage': 100.0}"
"{'grasp_succesful': 0, 'n_simulation_obj': 10, 'Name': 'sponge_with_textured_cover', 'Percentage': 0.0}"
"{'grasp_succesful': 49, 'n_simulation_obj': 184, 'Name': 'play_go_rainbow_stakin_cups_box', 'Percentage': 26.6304347826087}"
"{'grasp_succesful': 10, 'n_simulation_obj': 11, 'Name': 'melissa_doug_farm_fresh_fruit_orange', 'Percentage': 90.9090909090909}"
"{'grasp_succesful': 11, 'n_simulation_obj': 11, 'Name': 'play_go_rainbow_stakin_cups_8_orange', 'Percentage': 100.0}"
"{'grasp_succesful': 11, 'n_simulation_obj': 11, 'Name': 'wilson_100_tennis_ball', 'Percentage': 100.0}"
"{'grasp_succesful': 4, 'n_simulation_obj': 22, 'Name': 'thick_wood_block_6in', 'Percentage': 18.181818181818183}"
"{'grasp_succesful': 0, 'n_simulation_obj': 11, 'Name': 'sterilite_bin_12qt_cap', 'Percentage': 0.0}"
"{'grasp_succesful': 0, 'n_simulation_obj': 20, 'Name': 'stanley_philips_screwdriver', 'Percentage': 0.0}"
"{'grasp_succesful': 12, 'n_simulation_obj': 15, 'Name': 'block_of_wood_6in', 'Percentage': 80.0}"
"{'grasp_succesful': 3, 'n_simulation_obj': 23, 'Name': 'elmers_washable_no_run_school_glue', 'Percentage': 13.043478260869565}"
"{'grasp_succesful': 49, 'n_simulation_obj': 94, 'Name': 'dr_browns_bottle_brush', 'Percentage': 52.12765957446809}"
"{'grasp_succesful': 26, 'n_simulation_obj': 55, 'Name': 'containerB', 'Percentage': 47.27272727272727}"
"{'grasp_succesful': 35, 'n_simulation_obj': 70, 'Name': 'jug', 'Percentage': 50.0}"
"{'grasp_succesful': 16, 'n_simulation_obj': 43, 'Name': 'wc', 'Percentage': 37.2093023255814}"
"{'grasp_succesful': 12, 'n_simulation_obj': 65, 'Name': 'snowman', 'Percentage': 18.461538461538463}"
"{'grasp_succesful': 10, 'n_simulation_obj': 19, 'Name': 'snowman2', 'Percentage': 52.63157894736842}"
"{'grasp_succesful': 32, 'n_simulation_obj': 72, 'Name': 'snowmanwhithat', 'Percentage': 44.44444444444444}"
"{'grasp_succesful': 14, 'n_simulation_obj': 31, 'Name': 'snowmanwhithatandarm', 'Percentage': 45.16129032258064}"
"{'grasp_succesful': 5, 'n_simulation_obj': 14, 'Name': 'snowmanwithtrianglehat', 'Percentage': 35.714285714285715}"
"{'grasp_succesful': 6, 'n_simulation_obj': 10, 'Name': 'stairwhite', 'Percentage': 60.0}"
"{'grasp_succesful': 106, 'n_simulation_obj': 196, 'Name': 'yellowumbrella', 'Percentage': 54.08163265306123}"
"{'grasp_succesful': 12, 'n_simulation_obj': 21, 'Name': 'bishop', 'Percentage': 57.14285714285714}"
"{'grasp_succesful': 18, 'n_simulation_obj': 54, 'Name': 'blueskate', 'Percentage': 33.33333333333333}"
